{"name":"9bb4c02e-4bb8-4fab-a4fa-3c894a9fbe99","id":"/providers/Microsoft.Flow/flows/9bb4c02e-4bb8-4fab-a4fa-3c894a9fbe99","type":"Microsoft.Flow/flows","properties":{"apiId":"/providers/Microsoft.PowerApps/apis/shared_logicflows","displayName":"PowerappSaveImage","definition":{"metadata":{"workflowEntityId":null,"creator":{"id":"c28c689f-7743-42c7-a04e-baf5d1615dad","type":"User","tenantId":"39213499-7cc3-4cca-901c-31a0924d47e2"},"provisioningMethod":"FromDefinition","failureAlertSubscription":true,"clientLastModifiedTime":"2019-07-05T07:00:08.1609676Z"},"$schema":"https://schema.management.azure.com/providers/Microsoft.Logic/schemas/2016-06-01/workflowdefinition.json#","contentVersion":"1.0.0.0","parameters":{"$connections":{"defaultValue":{},"type":"Object"},"$authentication":{"defaultValue":{},"type":"SecureObject"}},"triggers":{"manual":{"type":"Request","kind":"PowerApp","inputs":{"schema":{"type":"object","required":["Compose_Inputs","Createfile_FolderPath"],"properties":{"Compose_Inputs":{"type":"any"},"Createfile_FolderPath":{"type":"string","description":"Must start with an existing library. Add folders if needed.. This parameter is used as part of \"C95F462C-40A5-4B37-ACD6-F7EFD673D127\"","x-ms-powerflows-param-ispartial":true}}}}}},"actions":{"Split_images":{"runAfter":{},"type":"Compose","inputs":"@split(triggerBody()['Compose_Inputs'], '#')"},"Filter_array":{"runAfter":{"Split_images":["Succeeded"]},"type":"Query","inputs":{"from":"@outputs('Split_images')","where":"@not(equals(item(), ''))"}},"Apply_to_each":{"foreach":"@body('Filter_array')","actions":{"Filename":{"runAfter":{},"type":"Compose","inputs":"@split(item(),'|')[0]"},"FileContent":{"runAfter":{"Filename":["Succeeded"]},"type":"Compose","inputs":"@dataUriToBinary(split(item(),'|')[1])"},"Create_file":{"runAfter":{"Foldername":["Succeeded"]},"metadata":{"flowSystemMetadata":{"swaggerOperationId":"CreateFile"}},"type":"ApiConnection","inputs":{"host":{"connection":{"name":"@json(decodeBase64(triggerOutputs().headers['X-MS-APIM-Tokens']))['$connections']['shared_sharepointonline']['connectionId']"},"api":{"runtimeUrl":"https://europe-002.azure-apim.net/apim/sharepointonline"}},"method":"post","body":"@outputs('FileContent')","path":"/datasets/@{encodeURIComponent(encodeURIComponent('https://sardonis.sharepoint.com/sites/Demo'))}/files","queries":{"folderPath":"/Shared Documents/@{outputs('Foldername')}","name":"@{outputs('Filename')}","queryParametersSingleEncoded":true},"authentication":{"type":"Raw","value":"@json(decodeBase64(triggerOutputs().headers['X-MS-APIM-Tokens']))['$ConnectionKey']"}}},"Foldername":{"runAfter":{"FileContent":["Succeeded"]},"type":"Compose","inputs":"@split(item(),'|')[2]"}},"runAfter":{"Filter_array":["Succeeded"]},"type":"Foreach"}},"outputs":{}},"connectionReferences":{"shared_sharepointonline":{"connectionName":"shared-sharepointonl-8dbfdee2-3eb6-4cb9-8c7b-887b0c13039e","source":"Invoker","id":"/providers/Microsoft.PowerApps/apis/shared_sharepointonline","tier":"NotSpecified"}},"flowFailureAlertSubscribed":false}}