{"schemaVersion":"1.0","appDefinitionTemplate":{"id":"/providers/Microsoft.PowerApps/apps/","type":"Microsoft.PowerApps/apps","tags":{"minimumRequiredApiVersion":"2.2.0"},"properties":{"appVersion":"2019-07-03T14:09:12Z","lifeCycleId":"Published","createdByClientVersion":{"major":3,"minor":19064,"build":11,"revision":0,"majorRevision":0,"minorRevision":0},"minClientVersion":{"major":3,"minor":19064,"build":11,"revision":0,"majorRevision":0,"minorRevision":0},"backgroundColor":"rgba(0, 176, 240, 1)","backgroundImageUri":"/7238512553565803722/N82b96709-b3f2-4f91-96b8-6fc2f358f579-logoSmallFile","displayName":"Image_uploader","description":"","appUris":{"documentUri":{"value":"/7238512553565803722/N0ae4ba47-ee70-4be9-b768-93333f5329bd-document.msapp","readonlyValue":"/7238512553565803722/N0ae4ba47-ee70-4be9-b768-93333f5329bd-document.msapp"},"imageUris":[]},"createdTime":"0001-01-01T00:00:00Z","lastModifiedTime":"0001-01-01T00:00:00Z","sharedGroupsCount":0,"sharedUsersCount":0,"icons":{"smallIconUri":"/7238512553565803722/Nf1874354-17e5-4368-a9ad-bfb6ac45f5d5-small.png","mediumIconUri":"/7238512553565803722/N29e76cd0-0f69-4a6f-b3c8-e18601157ea0-medium.png","largeIconUri":"/7238512553565803722/Nf4a80a80-dec4-4b7c-82af-84f35ff251eb-large.png","wideIconUri":"/7238512553565803722/N04cfb16a-d789-472a-aaec-107e5f0baaad-wide.png"},"connectionReferences":{"1c8a506d-bc3b-49df-8112-55f2a46ea8ec":{"id":"a83c055f-ec21-4e26-864d-291c5d474ccc","displayName":"Logic flows","iconUri":"https://resourcestackdeploy.blob.core.windows.net/scripts/13276078.png","dataSources":["PowerappSaveImage"],"dependencies":["896c2221-9800-4718-8d7f-32ca2405f4ac"],"dependents":[],"parameterHints":{"workflowName":{"value":"6c1c464d-17b1-4dd6-b24b-3981e3cfaffe"},"896c2221-9800-4718-8d7f-32ca2405f4ac":{"value":"shared_sharepointonline"}},"isOnPremiseConnection":false,"bypassConsent":false,"dataSets":{},"apiTier":"Standard","isCustomApiConnection":false},"896c2221-9800-4718-8d7f-32ca2405f4ac":{"id":"5175f8f2-c00c-4635-9583-462a9d7787ee","displayName":"SharePoint","iconUri":"https://cpgeneralstore.blob.core.windows.net/officialicons/sharepointonline/icon_1.0.1213.1596.png","dataSources":[],"dependencies":[],"dependents":["1c8a506d-bc3b-49df-8112-55f2a46ea8ec"],"parameterHints":{},"isOnPremiseConnection":false,"bypassConsent":false,"dataSets":{},"apiTier":"Standard","isCustomApiConnection":false}},"almMode":"Environment"}}}